PUBLIC ROUTE,TITLE,DESCRIPTION,CANONICAL,INDEXABLE?,STRUCTURED DATA TYPE
"/","Janhavi Dhote | Computer Engineering, Systems & AI","Georgia Tech Computer Engineering student Janhavi Dhote builds software systems, AI and computer vision, embedded hardware, networks, and security projects.","https://j-anhavi.github.io/Janhavi-Personal-Portfolio/","Yes","WebSite"
"/work","Projects | Janhavi Dhote","Software, AI, systems, FPGA, database, robotics, and embedded projects by Georgia Tech Computer Engineering student Janhavi Dhote.","https://j-anhavi.github.io/Janhavi-Personal-Portfolio/work","Yes","CollectionPage"
"/about","About Janhavi Dhote | Georgia Tech Computer Engineering","About Janhavi Dhote, a Georgia Tech Computer Engineering student working across systems, AI, embedded hardware, networks, databases, research, and teaching.","https://j-anhavi.github.io/Janhavi-Personal-Portfolio/about","Yes","ProfilePage + Person"
"/work/curalink","CuraLink | AI / Vision — Janhavi Dhote","CuraLink: In-the-moment visual and voice assistance for people with Alzheimer’s, with caregiver oversight.","https://j-anhavi.github.io/Janhavi-Personal-Portfolio/work/curalink","Yes","CreativeWork / SoftwareSourceCode"
"/work/office-hours-kiosk","Office Hours Queue & TA Kiosk | Systems / Embedded — Janhavi Dhote","Office Hours Queue & TA Kiosk: A Raspberry Pi check-in, staffing, and student queue system for engineering office hours.","https://j-anhavi.github.io/Janhavi-Personal-Portfolio/work/office-hours-kiosk","Yes","CreativeWork / SoftwareSourceCode"
"/work/greenbuy","GreenBuy | Software / Optimization — Janhavi Dhote","GreenBuy: Neighborhood-scale collective purchasing for sustainability upgrades.","https://j-anhavi.github.io/Janhavi-Personal-Portfolio/work/greenbuy","Yes","CreativeWork / SoftwareSourceCode"
"/work/fpga-math-unit","Custom Math Unit – FPGA Peripheral | Digital Hardware — Janhavi Dhote","Custom Math Unit – FPGA Peripheral: A custom FPGA processor peripheral implementing hardware arithmetic and processor communication.","https://j-anhavi.github.io/Janhavi-Personal-Portfolio/work/fpga-math-unit","Yes","CreativeWork / SoftwareSourceCode"
"/work/embedded-game","Embedded Game System | Embedded — Janhavi Dhote","Embedded Game System: A real-time game engine and 40 × 25 world rendered on constrained Mbed hardware.","https://j-anhavi.github.io/Janhavi-Personal-Portfolio/work/embedded-game","Yes","CreativeWork / SoftwareSourceCode"
"/work/lifelens","LifeLens | ML / Full Stack — Janhavi Dhote","LifeLens: Health risk models, conversational assistance, and provider discovery in one prototype.","https://j-anhavi.github.io/Janhavi-Personal-Portfolio/work/lifelens","Yes","CreativeWork / SoftwareSourceCode"
"/work/er-hospital-system","ER Hospital Management System | Databases — Janhavi Dhote","ER Hospital Management System: A relational hospital workflow model with stored procedures, views, and a test interface.","https://j-anhavi.github.io/Janhavi-Personal-Portfolio/work/er-hospital-system","Yes","CreativeWork / SoftwareSourceCode"
"/work/studybuddy","StudyBuddy | Android — Janhavi Dhote","StudyBuddy: Study-session planning and progress tracking for Android.","https://j-anhavi.github.io/Janhavi-Personal-Portfolio/work/studybuddy","Yes","CreativeWork / SoftwareSourceCode"
"/work/audio-atlas","Audio Atlas | Community / Music — Janhavi Dhote","Audio Atlas: Local music discovery and cross-cultural recommendations.","https://j-anhavi.github.io/Janhavi-Personal-Portfolio/work/audio-atlas","Yes","CreativeWork / SoftwareSourceCode"
"/work/ecoconnect","EcoConnect | Frontend / Community — Janhavi Dhote","EcoConnect: A community platform concept for finding environmental service projects.","https://j-anhavi.github.io/Janhavi-Personal-Portfolio/work/ecoconnect","Yes","CreativeWork / SoftwareSourceCode"
"/work/arduino-password-lock","Arduino Password Lock | Embedded / Security — Janhavi Dhote","Arduino Password Lock: A keypad-and-LCD password check on Arduino.","https://j-anhavi.github.io/Janhavi-Personal-Portfolio/work/arduino-password-lock","Yes","CreativeWork / SoftwareSourceCode"
"/work/orp-probe","ORP Probe | Hardware / Sensing — Janhavi Dhote","ORP Probe: An Arduino water-quality probe with sensor-driven safety indication.","https://j-anhavi.github.io/Janhavi-Personal-Portfolio/work/orp-probe","Yes","CreativeWork / SoftwareSourceCode"
"/work/research-radar","Research Radar | Systems / Research — Janhavi Dhote","Research Radar: A local reader for collecting, deduplicating, organizing, and briefing research sources.","https://j-anhavi.github.io/Janhavi-Personal-Portfolio/work/research-radar","Yes","CreativeWork / SoftwareSourceCode"
"/work/intentguard","IntentGuard | BCI / AI Safety — Janhavi Dhote","IntentGuard: Exploring safer intent translation between BCI decoding and AI-driven actions.","https://j-anhavi.github.io/Janhavi-Personal-Portfolio/work/intentguard","Yes","CreativeWork / SoftwareSourceCode"
"/experience/ece1100-peer-leader","Peer Leader | Georgia Tech ECE — Janhavi Dhote","Peer leadership and engineering-education support through the ECE Peer Leader Fellowship.","https://j-anhavi.github.io/Janhavi-Personal-Portfolio/experience/ece1100-peer-leader","Yes","WebPage + OrganizationRole"
"/experience/cs4400-uta","Undergraduate Teaching Assistant | Georgia Institute of Technology — Janhavi Dhote","Database systems, SQL, relational design and course support.","https://j-anhavi.github.io/Janhavi-Personal-Portfolio/experience/cs4400-uta","Yes","WebPage + OrganizationRole"
"/experience/ece2035-uta","Undergraduate Teaching Assistant | Georgia Institute of Technology — Janhavi Dhote","Programming, debugging and teaching support at the hardware/software boundary.","https://j-anhavi.github.io/Janhavi-Personal-Portfolio/experience/ece2035-uta","Yes","WebPage + OrganizationRole"
"/experience/cs2340-uta","Undergraduate Teaching Assistant | Georgia Institute of Technology — Janhavi Dhote","Supported ~150 students across Java/Android projects, debugging, code review, and object-oriented software design.","https://j-anhavi.github.io/Janhavi-Personal-Portfolio/experience/cs2340-uta","Yes","WebPage + OrganizationRole"
"/experience/gitmad-roommate-finder","Project Lead — Roommate Finder | GITMAD · Georgia Institute of Technology Mastering Android Development — Janhavi Dhote","Co-led a Georgia Tech mobile-development project group building Roommate Finder.","https://j-anhavi.github.io/Janhavi-Personal-Portfolio/experience/gitmad-roommate-finder","Yes","WebPage + OrganizationRole"
"/experience/small-satellite-research-lab","Ground Operations Engineer | Small Satellite Research Laboratory · University of Georgia — Janhavi Dhote","Debugged Linux/GNU Radio SDR pipelines and built low-level C/libpng image encoding and decoding systems using pixel-level manipulation and bit-level payload reconstruction.","https://j-anhavi.github.io/Janhavi-Personal-Portfolio/experience/small-satellite-research-lab","Yes","WebPage + OrganizationRole"
"/experience/double-helix","Assistant Teacher | Double Helix STEAM School — Janhavi Dhote","Prepared weekly financial-news material and helped students connect market trends, earnings, and upcoming events to investing strategy.","https://j-anhavi.github.io/Janhavi-Personal-Portfolio/experience/double-helix","Yes","WebPage + OrganizationRole"
"/experience/inpharmd","AI / Software Development — Work-Based Learning | InpharmD — Janhavi Dhote","Worked on the patient-facing frontend and cloud integration of a healthcare language-model application through a work-based-learning placement.","https://j-anhavi.github.io/Janhavi-Personal-Portfolio/experience/inpharmd","Yes","WebPage + OrganizationRole"
"/experience/digitivy","Software Development — Work-Based Learning | Digitivy Solutions — Janhavi Dhote","Worked across React interfaces, Node.js backend APIs, database-backed application flows, and AWS deployment workflows.","https://j-anhavi.github.io/Janhavi-Personal-Portfolio/experience/digitivy","Yes","WebPage + OrganizationRole"
"/experience/techno-titans","Robotics Programmer / Subsystems Programmer | Techno Titans Robotics — Janhavi Dhote","Built Java/WPILib drivetrain software and hardware/software testbeds. Mentored ~20 programmers on debugging and subsystem design.","https://j-anhavi.github.io/Janhavi-Personal-Portfolio/experience/techno-titans","Yes","WebPage + OrganizationRole"
